

CREATE TABLE `cliente` (
  `ID_CLIENTE` decimal(5,0) NOT NULL,
  `CPF_CLI` varchar(11) NOT NULL,
  `NOME_CLI` varchar(50) NOT NULL,
  `CIDADE_CLI` varchar(30) NOT NULL,
  `UF_CLI` char(2) NOT NULL,
  `DATA_C_M` datetime(6) NOT NULL,
  `OBSERVACAO` varchar(200) DEFAULT NULL,
  PRIMARY KEY (`CPF_CLI`)
) ENGINE=InnoDB DEFAULT CHARSET=latin1;

INSERT INTO cliente VALUES("12344","23234380856","LEONARDO DE SOUZA","SAO PAULO","SP","2019-08-06 07:00:00.000000"," ");
INSERT INTO cliente VALUES("12341","58839702814","JOHN KENNEDY","SAO PAULO","SP","2019-08-06 07:00:00.000000"," ");
INSERT INTO cliente VALUES("12346","64313231811","BRENDA SANCHEZ MAIA","SAO PAULO","SP","2019-08-06 07:00:00.000000"," ");
INSERT INTO cliente VALUES("12342","65030734880","RITA ANTUNES SOUZA","SAO PAULO","SP","2019-08-06 07:00:00.000000"," ");
INSERT INTO cliente VALUES("12355","67937636874","RECIFE DE SOUZA SANTOS","SAO PAULO","SP","2019-08-06 07:00:00.000000"," ");
INSERT INTO cliente VALUES("12347","68046760846","CARLOS ANDRADE SANTOS","SAO PAULO","SP","2019-08-06 07:00:00.000000"," ");
INSERT INTO cliente VALUES("12340","68134651801","JACQUIN DA FRANÇA","SAO PAULO","SP","2019-08-06 07:00:00.000000"," ");
INSERT INTO cliente VALUES("12348","81620075806","GABRIEL BEVILACQUA BARROS","SAO PAULO","SP","2019-08-06 07:00:00.000000"," ");
INSERT INTO cliente VALUES("12345","87069665008","ANTONIO MARIA DE BARROS","SAO PAULO","SP","2019-08-06 07:00:00.000000"," ");
INSERT INTO cliente VALUES("12343","96854744865","WILLIAM MOTTA","SAO PAULO","SP","2019-08-06 07:00:00.000000"," ");
INSERT INTO cliente VALUES("12349","99615104884","ANA PISCINATO","SAO PAULO","SP","2019-08-06 07:00:00.000000"," ");



CREATE TABLE `lancamento_vendas` (
  `DATA_VIAGEM` datetime NOT NULL,
  `ROTAS` varchar(60) NOT NULL,
  `ASSENTO` decimal(3,0) NOT NULL,
  `NUM_CPF_CLI` varchar(11) NOT NULL,
  `BAGAGEM` decimal(3,0) NOT NULL,
  KEY `NUM_CPF_CLI` (`NUM_CPF_CLI`),
  KEY `DATA_VIAGEM` (`DATA_VIAGEM`),
  KEY `ROTAS` (`ROTAS`),
  CONSTRAINT `DATA_VIAGEM` FOREIGN KEY (`DATA_VIAGEM`) REFERENCES `lancamento_viagem` (`DATA_VIAGEM`),
  CONSTRAINT `NUM_CPF_CLI` FOREIGN KEY (`NUM_CPF_CLI`) REFERENCES `cliente` (`CPF_CLI`),
  CONSTRAINT `ROTAS` FOREIGN KEY (`ROTAS`) REFERENCES `percurso` (`ROTA`)
) ENGINE=InnoDB DEFAULT CHARSET=latin1;

INSERT INTO lancamento_vendas VALUES("2019-12-01 07:00:00","SAO PAULO(BRA) - BUENOS AIRES(ARG)","1","87069665008","1");
INSERT INTO lancamento_vendas VALUES("2019-12-02 07:00:00","SAO PAULO(BRA) - SANTA FÉ(ARG)","1","64313231811","5");
INSERT INTO lancamento_vendas VALUES("2019-12-03 07:00:00","SAO PAULO(BRA) - CORDOBA(ARG)","1","68046760846","2");
INSERT INTO lancamento_vendas VALUES("2019-12-03 07:30:00","SAO PAULO(BRA) - SANTIAGO(CHI)","1","81620075806","3");
INSERT INTO lancamento_vendas VALUES("2019-12-01 12:00:00","SAO PAULO(BRA) - MONTEVIDEO(URU)","1","99615104884","1");
INSERT INTO lancamento_vendas VALUES("2019-12-01 12:00:00","SAO PAULO(BRA) - PUNTA DEL LESTE(URU)","1","68134651801","1");
INSERT INTO lancamento_vendas VALUES("2019-12-02 07:15:00","SAO PAULO(BRA) - RIO DE JANEIRO(BRA)","1","58839702814","2");
INSERT INTO lancamento_vendas VALUES("2019-12-04 02:00:00","SAO PAULO(BRA) - BARRANQUILLA(COL)","1","65030734880","4");
INSERT INTO lancamento_vendas VALUES("2019-12-05 02:00:00","SAO PAULO(BRA) - BOGOTA(COL)","1","96854744865","10");
INSERT INTO lancamento_vendas VALUES("2019-12-04 19:00:00","SAO PAULO(BRA) - MACEIO(BRA)","1","23234380856","4");
INSERT INTO lancamento_vendas VALUES("2019-12-02 15:00:00","SAO PAULO(BRA) - PORTO ALEGRE(BRA)","1","67937636874","3");



CREATE TABLE `lancamento_viagem` (
  `DATA_VIAGEM` datetime NOT NULL,
  `ROTA` varchar(60) NOT NULL,
  `ID_PLACA` varchar(7) NOT NULL,
  `COD_MOTORISTA` decimal(5,0) NOT NULL,
  PRIMARY KEY (`DATA_VIAGEM`),
  KEY `ID_PLACA` (`ID_PLACA`),
  KEY `COD_MOTORISTA` (`COD_MOTORISTA`),
  KEY `ROTA` (`ROTA`),
  CONSTRAINT `COD_MOTORISTA` FOREIGN KEY (`COD_MOTORISTA`) REFERENCES `motorista` (`COD_MOTORISTA`),
  CONSTRAINT `ID_PLACA` FOREIGN KEY (`ID_PLACA`) REFERENCES `onibus` (`ID_PLACA`),
  CONSTRAINT `ROTA` FOREIGN KEY (`ROTA`) REFERENCES `percurso` (`ROTA`)
) ENGINE=InnoDB DEFAULT CHARSET=latin1;

INSERT INTO lancamento_viagem VALUES("2019-12-01 07:00:00","SAO PAULO(BRA) - BUENOS AIRES(ARG)","HYG7259","98745");
INSERT INTO lancamento_viagem VALUES("2019-12-01 12:00:00","SAO PAULO(BRA) - MONTEVIDEO(URU)","NAV3078","98749");
INSERT INTO lancamento_viagem VALUES("2019-12-02 07:00:00","SAO PAULO(BRA) - SANTA FÉ(ARG)","MWB7840","98746");
INSERT INTO lancamento_viagem VALUES("2019-12-02 07:15:00","SAO PAULO(BRA) - RIO DE JANEIRO(BRA)","HUY4735","98741");
INSERT INTO lancamento_viagem VALUES("2019-12-02 11:00:00","SAO PAULO(BRA) - PUNTA DEL LESTE(URU)","BHH8701","98740");
INSERT INTO lancamento_viagem VALUES("2019-12-02 15:00:00","SAO PAULO(BRA) - PORTO ALEGRE(BRA)","KAO1043","98755");
INSERT INTO lancamento_viagem VALUES("2019-12-03 07:00:00","SAO PAULO(BRA) - CORDOBA(ARG)","JHZ2151","98747");
INSERT INTO lancamento_viagem VALUES("2019-12-03 07:30:00","SAO PAULO(BRA) - SANTIAGO(CHI)","JXZ8557","98748");
INSERT INTO lancamento_viagem VALUES("2019-12-04 02:00:00","SAO PAULO(BRA) - BARRANQUILLA(COL)","NEI9388","98742");
INSERT INTO lancamento_viagem VALUES("2019-12-04 19:00:00","SAO PAULO(BRA) - MACEIO(BRA)","KIO9014","98744");
INSERT INTO lancamento_viagem VALUES("2019-12-05 02:00:00","SAO PAULO(BRA) - BOGOTA(COL)","GZL1801","98743");



CREATE TABLE `motorista` (
  `COD_MOTORISTA` decimal(5,0) NOT NULL,
  `NOME_M` varchar(50) NOT NULL,
  `ENDEREÇO_M` varchar(30) NOT NULL,
  `NUMERO_M` decimal(4,0) NOT NULL,
  `BAIRRO_M` varchar(30) NOT NULL,
  `CIDADE_M` varchar(30) NOT NULL,
  `UF_M` char(2) NOT NULL,
  `CEP_M` char(8) NOT NULL,
  `FONE_M` varchar(20) NOT NULL,
  `DATA_N_M` datetime NOT NULL,
  `CNH_M` datetime NOT NULL,
  `CATEGORIA_M` varchar(11) NOT NULL,
  `EMAIL_M` varchar(80) NOT NULL,
  PRIMARY KEY (`COD_MOTORISTA`)
) ENGINE=InnoDB DEFAULT CHARSET=latin1;

INSERT INTO motorista VALUES("98740","JUNIOR DA CRUZ","RUA PORTUGAL","47","JARDIM EUROPA","PIEDADE","SP","70199","3839998790","1990-07-22 07:00:00","2014-08-06 07:00:00","CATEGORIA B","G@GMAIL.COM");
INSERT INTO motorista VALUES("98741","CARLOS MAGNUM DA CUNHA","RUA EUA","46","JARDIM DAS NAÇÕES","COTIA","SP","70199","3811598790","1982-07-22 07:00:00","2018-08-06 07:00:00","CATEGORIA B","ZXC@GMAIL.COM");
INSERT INTO motorista VALUES("98742","JEISON SILVA ","RUA CANADÁ","100","JARDIM CARLOS","IBIRA","SP","70199","2236598790","1990-07-25 07:00:00","2018-08-06 07:00:00","CATEGORIA E","RRRRT@GMAIL.COM");
INSERT INTO motorista VALUES("98743","JOÃO GUTIERREZ","RUA AUSTRÁLIA","79","JARDIM DOS PAISES","SAO PAULO","SP","70199","3822598890","2000-07-20 07:00:00","2019-08-06 07:00:00","CATEGORIA E","FACEAPP@GMAIL.COM");
INSERT INTO motorista VALUES("98744","BRUNO VASCONSELHOS","RUA NIGÉRIA","99","JARDIM DOS PAISES","SAO PAULO","SP","70199","3836544790","1999-08-15 07:00:00","2019-07-06 07:00:00","CATEGORIA E","ERTY@GMAIL.COM");
INSERT INTO motorista VALUES("98745","MARCOS DE AZEVEDO","RUA AMERICA","89","JARDIM DAS NAÇÕES","COTIA","SP","70199","3837798790","1990-07-22 07:00:00","2018-08-06 07:00:00","CATEGORIA B","MARCOS.1990@GMAIL.COM");
INSERT INTO motorista VALUES("98746","MARIA GONÇALVES DIAS","RUA URUGUAY","101","JARDIM DOS PAISES","SAO PAULO","SP","70199","3836598790","2000-10-14 07:00:00","2018-08-06 07:00:00","CATEGORIA B","ABC@GMAIL.COM");
INSERT INTO motorista VALUES("98747","MARCELO DA COSTA","RUA MEXICO","2","JARDIM EUROPA","SOROCABA","SP","70199","3888598799","1978-09-12 07:00:00","2017-08-06 07:00:00","CATEGORIA E","DFG@GMAIL.COM");
INSERT INTO motorista VALUES("98748","FELIPE DE CARVALHO NETO","RUA ARGENTINA","45","JARDIM DAS NAÇÕES","COTIA","SP","70199","3836598790","2001-07-01 07:00:00","2016-08-06 07:00:00","CATEGORIA B","12W@GMAIL.COM");
INSERT INTO motorista VALUES("98749","MELISSA APARCEIDA","RUA ESPANHA","899","JARDIM ICATU","VOTORANTIM","SP","70199","8836598790","1995-10-05 07:00:00","2018-08-06 07:00:00","CATEGORIA E","GHJ0@GMAIL.COM");
INSERT INTO motorista VALUES("98755","KAREN BRITO PINTO","RUA SUÉCIA","19","JARDIM DOS PAISES","SAO PAULO","SP","70199","3836566790","1982-12-01 07:00:00","2018-08-25 07:00:00","CATEGORIA E","FGHK@GMAIL.COM");



CREATE TABLE `onibus` (
  `ID_PLACA` varchar(7) NOT NULL,
  `MARCA` varchar(20) NOT NULL,
  `TIPO` char(1) NOT NULL,
  `ANO` decimal(4,0) NOT NULL,
  `OBSERVACAO` varchar(200) DEFAULT NULL,
  `ASSENTO` decimal(3,0) NOT NULL,
  PRIMARY KEY (`ID_PLACA`)
) ENGINE=InnoDB DEFAULT CHARSET=latin1;

INSERT INTO onibus VALUES("BHH8701","SCANIADD 1800","T","2017"," ","123");
INSERT INTO onibus VALUES("GZL1801","SCANIA K-124","F","2019"," ","123");
INSERT INTO onibus VALUES("HUY4735","SCANIA K-124","F","2019"," ","123");
INSERT INTO onibus VALUES("HYG7259","SCANIA BUSSCAR 340","T","2018"," ","123");
INSERT INTO onibus VALUES("JHZ2151","SCANIA BUSSCAR 340","F","2018"," ","123");
INSERT INTO onibus VALUES("JXZ8557","SCANIA DD 1800","T","2017"," ","123");
INSERT INTO onibus VALUES("KAO1043","SCANIA K-124360CV","T","2020"," ","123");
INSERT INTO onibus VALUES("KIO9014","SCANIA K-124","T","2019"," ","123");
INSERT INTO onibus VALUES("MWB7840","SCANIA BUSSCAR 340","T","2018"," ","123");
INSERT INTO onibus VALUES("NAV3078","SCANIA DD 1800","T","2017"," ","123");
INSERT INTO onibus VALUES("NEI9388","SCANIA K-124","T","2019"," ","123");



CREATE TABLE `percurso` (
  `ID_PERCURSO` varchar(7) NOT NULL,
  `ROTA` varchar(60) NOT NULL,
  `TEMPO_P` varchar(10) NOT NULL,
  `TROCA_M` char(1) NOT NULL,
  `NUM_MOT` decimal(2,0) NOT NULL,
  `PERCURSO` char(1) NOT NULL,
  `VALOR_B` decimal(12,2) NOT NULL,
  `VALOR_SB` decimal(12,2) NOT NULL,
  PRIMARY KEY (`ROTA`)
) ENGINE=InnoDB DEFAULT CHARSET=latin1;

INSERT INTO percurso VALUES("SPBA123","SAO PAULO(BRA) - BARRANQUILLA(COL)","103 horas","S","2","A","1200.00","1303.60");
INSERT INTO percurso VALUES("SPBA124","SAO PAULO(BRA) - BOGOTA(COL)","103 horas","S","2","B","1200.00","1303.60");
INSERT INTO percurso VALUES("SPBU123","SAO PAULO(BRA) - BUENOS AIRES(ARG)","60 horas","N","2","A","800.00","900.00");
INSERT INTO percurso VALUES("SPBU125","SAO PAULO(BRA) - CORDOBA(ARG)","60 horas","N","2","C","800.00","900.00");
INSERT INTO percurso VALUES("SPMA125","SAO PAULO(BRA) - MACEIO(BRA)","34 horas","S","2","A","1200.00","1303.60");
INSERT INTO percurso VALUES("SPMO124","SAO PAULO(BRA) - MONTEVIDEO(URU)","65 horas","N","2","B","1000.00","1200.00");
INSERT INTO percurso VALUES("SPPO123","SAO PAULO(BRA) - PORTO ALEGRE(BRA)","14 horas","N","1","A","280.00","315.60");
INSERT INTO percurso VALUES("SPMO123","SAO PAULO(BRA) - PUNTA DEL LESTE(URU)","65 horas","N","2","A","1000.00","1200.00");
INSERT INTO percurso VALUES("SPRJ123","SAO PAULO(BRA) - RIO DE JANEIRO(BRA)","5 horas","N","1","A","200.00","250.00");
INSERT INTO percurso VALUES("SPBU124","SAO PAULO(BRA) - SANTA FÉ(ARG)","60 horas","N","2","B","800.00","900.60");
INSERT INTO percurso VALUES("SPSA126","SAO PAULO(BRA) - SANTIAGO(CHI)","80 horas","N","2","D","1100.00","1300.00");



CREATE TABLE `usuario` (
  `NOME_US` varchar(40) NOT NULL,
  `TIPO_US` char(1) NOT NULL,
  `USER_ID` varchar(15) NOT NULL,
  `SENHA_ID` varchar(10) NOT NULL
) ENGINE=InnoDB DEFAULT CHARSET=latin1;

INSERT INTO usuario VALUES("KLEBERSON SANTOS","A","KLBERSON_12","ABC123");
INSERT INTO usuario VALUES("AILTON SANTOS","C","AILTON_123","ABC1234");
INSERT INTO usuario VALUES("CRISTINA GERMANO","G","CRG_ANO","123456");
INSERT INTO usuario VALUES("HUGO BOSS","A","BOS123","BOSS123");
INSERT INTO usuario VALUES("GABRIEL ROSS","G","ROSSRT","123987");
INSERT INTO usuario VALUES("JULIA PAEZ","C","JP_10","JULIAP");
INSERT INTO usuario VALUES("MICHAEL JACKSON","A","MJF","FJM");
INSERT INTO usuario VALUES("KURB PAZ","C","KP","PK");
INSERT INTO usuario VALUES("BOLL WESLEY","C","BW12","BW12");
INSERT INTO usuario VALUES("RUI CASTRO","C","RCASTRO","CARLA");
INSERT INTO usuario VALUES("BOB MICHAEL","A","BM","ABC123");

